t,occupied,free,known,path_len
1.03,0,0,0,0.12
2.24,16775,55792,72567,0.18
3.18,17031,53486,70517,0.18
4.04,17273,54423,71696,0.42
5.09,18073,57705,75778,0.42
6.08,18564,58612,77176,0.42
7.03,18886,59776,78662,0.42
8.03,19244,59191,78435,0.42
9.03,19585,59067,78652,0.42
10.03,19923,62735,82658,0.42
11.03,20161,63898,84059,0.42
12.03,20336,65187,85523,0.42
13.14,20336,67173,87509,0.42
14.15,20893,65652,86545,0.44
15.03,21055,65226,86281,0.58
16.03,21118,64793,85911,0.68
17.03,21694,71048,92742,0.81
18.13,21834,73238,95072,0.89
19.03,22071,71912,93983,0.99
20.13,22231,71637,93868,1.14
21.30,22435,71939,94374,1.14
22.03,22573,72325,94898,1.14
23.28,22991,73181,96172,1.58
24.03,23113,73826,96939,1.70
25.20,23542,76888,100430,1.79
26.03,23828,77605,101433,1.88
27.19,23986,77354,101340,2.05
28.03,24249,77775,102024,2.15
29.23,24447,78005,102452,2.31
30.03,24691,75864,100555,2.47
31.14,24918,74922,99840,2.47
32.03,24939,75495,100434,2.69
33.11,24948,73866,98814,2.82
34.03,24972,72556,97528,2.97
35.10,25012,72051,97063,3.06
36.25,25155,71476,96631,3.18
37.03,25131,70830,95961,3.27
38.13,25192,70145,95337,3.31
39.33,25310,68935,94245,3.37
40.03,25380,68530,93910,3.57
41.06,25514,69136,94650,3.57
42.03,25641,68217,93858,3.80
43.19,25681,69916,95597,3.86
44.12,25715,70461,96176,3.98
45.03,25779,70190,95969,4.16
46.20,25779,70486,96265,4.25
47.04,25793,68833,94626,4.39
48.03,25783,67065,92848,4.56
49.09,25755,65585,91340,4.66
50.03,25790,64358,90148,4.82
51.03,25890,65024,90914,4.83
52.06,25922,64778,90700,4.83
53.17,25976,64342,90318,4.83
54.33,25985,63895,89880,4.83
55.26,26036,63846,89882,4.84
56.03,26117,63532,89649,4.84
57.03,26149,63560,89709,4.89
58.03,26189,63474,89663,4.91
59.03,26251,62598,88849,4.99
60.03,26288,62484,88772,5.00
61.03,26307,62717,89024,5.01
62.03,26396,62761,89157,5.04
63.03,26474,62766,89240,5.06
64.03,26423,62551,88974,5.08
65.03,26450,62206,88656,5.09
66.03,26461,62075,88536,5.11
67.05,26351,62109,88460,5.12
68.03,26326,61961,88287,5.14
69.03,26290,62486,88776,5.16
70.03,26286,62827,89113,5.17
71.03,26382,62647,89029,5.17
72.04,26389,62370,88759,5.17
73.03,26575,62385,88960,5.17
74.08,26552,62801,89353,5.18
75.03,26626,62715,89341,5.20
76.03,26622,63356,89978,5.21
77.03,26637,64002,90639,5.37
78.03,26673,64028,90701,5.47
79.21,26729,63198,89927,5.56
80.16,26857,62745,89602,5.67
81.14,26924,63344,90268,5.67
82.07,26945,63918,90863,5.89
83.03,27025,64654,91679,6.12
84.03,27048,65093,92141,6.22
85.03,27027,63931,90958,6.31
86.28,27035,63934,90969,6.49
87.32,27197,62899,90096,6.61
88.23,27205,63993,91198,6.76
89.03,27244,64221,91465,6.88
90.03,27280,64083,91363,6.93
91.31,27338,63365,90703,6.93
92.22,27565,63067,90632,7.19
93.24,27569,62738,90307,7.31
94.14,27553,63765,91318,7.31
95.04,27533,64642,92175,7.52
96.03,27489,64321,91810,7.71
97.03,27477,63879,91356,7.80
98.23,27520,63573,91093,7.93
99.13,27506,63225,90731,8.03
100.04,27456,63115,90571,8.11
101.03,27397,62899,90296,8.19
102.03,27357,61985,89342,8.41
103.27,27357,61827,89184,8.41
104.11,27445,61101,88546,8.41
105.03,27584,60736,88320,8.70
106.18,27600,61492,89092,8.70
107.08,27616,61253,88869,8.92
108.33,27651,60484,88135,9.00
109.19,27630,61681,89311,9.09
110.11,27566,61917,89483,9.18
111.03,27508,61036,88544,9.26
112.32,27476,62421,89897,9.39
113.16,27512,62892,90404,9.58
114.03,27450,62711,90161,9.67
115.15,27415,62329,89744,9.79
116.09,27329,63208,90537,9.79
117.03,27300,62699,89999,10.09
118.04,27297,62458,89755,10.15
119.15,27260,62332,89592,10.28
120.03,27223,63201,90424,10.39
121.03,27206,63125,90331,10.52
122.21,27261,62998,90259,10.52
123.03,27299,62488,89787,10.52
124.11,27285,62337,89622,10.64
125.03,27301,62446,89747,10.71
126.21,27304,62545,89849,10.71
127.03,27410,62359,89769,10.81
128.24,27466,62730,90196,10.85
129.07,27420,62517,89937,10.87
130.31,27358,61998,89356,10.95
131.12,27384,61788,89172,11.00
132.03,27339,61970,89309,11.08
133.24,27305,61780,89085,11.14
134.18,27352,61316,88668,11.18
135.03,27342,61137,88479,11.20
136.25,27410,60700,88110,11.21
137.08,27423,60514,87937,11.21
138.03,27441,60414,87855,11.21
139.22,27405,60188,87593,11.22
140.03,27357,59799,87156,11.22
141.03,27342,60633,87975,11.22
142.19,27365,62409,89774,11.22
143.03,27510,60824,88334,11.23
144.03,27486,61450,88936,11.23
145.03,27512,61494,89006,11.23
146.25,27598,61560,89158,11.23
147.18,27547,61599,89146,11.23
148.27,27586,61445,89031,11.27
149.20,27568,62019,89587,11.32
150.03,27568,62019,89587,11.44
151.24,27559,62216,89775,11.57
152.14,27730,61664,89394,11.65
153.03,27645,61583,89228,11.75
154.03,27695,61989,89684,11.75
155.03,27734,63156,90890,12.14
156.03,27758,62960,90718,12.24
157.03,27882,62119,90001,12.41
158.29,28035,61304,89339,12.41
159.34,28088,61277,89365,12.60
160.03,28161,61279,89440,12.76
161.27,28219,62023,90242,12.88
162.28,28255,62879,91134,13.00
163.26,28289,62343,90632,13.10
164.27,28269,62868,91137,13.10
165.03,28303,63189,91492,13.25
166.16,28299,62963,91262,13.48
167.04,28303,62453,90756,13.51
168.10,28424,62310,90734,13.66
169.03,28492,61944,90436,13.75
170.04,28539,61284,89823,13.87
171.25,28518,62174,90692,13.93
172.32,28454,62233,90687,14.13
173.03,28441,62598,91039,14.16
174.21,28441,63063,91504,14.16
175.21,28502,62605,91107,14.43
176.19,28448,62289,90737,14.48
177.30,28534,61306,89840,14.68
178.33,28456,61832,90288,14.77
179.03,28535,61350,89885,14.85
180.03,28460,61645,90105,14.91
181.03,28501,61267,89768,14.91
182.03,28597,60870,89467,15.16
183.05,28535,61211,89746,15.22
184.18,28631,60821,89452,15.22
185.15,28663,61398,90061,15.50
186.03,28613,61397,90010,15.64
187.03,28611,61485,90096,15.75
188.03,28655,61343,89998,15.86
189.14,28759,60544,89303,15.99
190.24,28742,60855,89597,16.10
191.03,28716,61780,90496,16.16
192.03,28782,62105,90887,16.31
193.07,28715,61506,90221,16.41
194.20,28676,61915,90591,16.47
195.26,28680,62312,90992,16.63
196.03,28626,62801,91427,16.79
197.03,28750,62910,91660,16.79
198.03,28704,62315,91019,16.95
199.04,28736,61466,90202,17.04
200.03,28847,61132,89979,17.20
201.05,28769,61523,90292,17.29
202.03,28694,61542,90236,17.47
203.03,28696,61273,89969,17.56
204.03,28737,60583,89320,17.71
205.03,28775,60980,89755,17.81
206.03,28760,61964,90724,17.90
207.03,28696,60993,89689,18.00
208.03,28701,60284,88985,18.18
209.28,28820,59382,88202,18.25
210.26,28799,58989,87788,18.38
211.28,28748,60108,88856,18.49
212.29,28719,61196,89915,18.58
213.21,28722,60465,89187,18.72
214.25,28725,60535,89260,18.83
215.32,28710,60566,89276,18.94
216.26,28722,60111,88833,19.07
217.22,28678,60653,89331,19.17
218.27,28690,59358,88048,19.28
219.28,28788,58968,87756,19.39
220.03,28749,59701,88450,19.39
221.03,28703,59944,88647,19.58
222.05,28680,59684,88364,19.60
223.03,28668,60168,88836,19.69
224.16,28714,59424,88138,19.88
225.19,28751,59051,87802,19.88
226.03,28738,59202,87940,19.88
227.03,28756,59599,88355,20.22
228.03,28793,59373,88166,20.35
229.03,28851,58854,87705,20.45
230.03,28883,59248,88131,20.66
231.03,28837,59701,88538,20.76
232.03,28824,59934,88758,20.85
233.03,28903,58925,87828,21.03
234.09,28865,58874,87739,21.13
235.24,28832,59826,88658,21.22
236.03,28824,60362,89186,21.40
237.03,28835,60533,89368,21.50
238.03,28876,59857,88733,21.50
239.05,28932,59809,88741,21.71
240.31,28843,60176,89019,21.79
241.03,28806,60529,89335,22.03
242.03,28785,60644,89429,22.17
243.18,28852,60135,88987,22.22
244.03,28908,59480,88388,22.32
245.03,28924,59731,88655,22.45
246.08,28900,60161,89061,22.53
247.19,28888,60744,89632,22.69
248.03,28857,60812,89669,22.76
249.18,28980,60347,89327,22.88
250.03,28994,59990,88984,22.88
251.18,28965,60802,89767,22.88
252.32,29007,60254,89261,22.88
253.03,29063,59967,89030,22.88
254.16,28990,61267,90257,23.42
255.03,28988,61085,90073,23.50
256.16,28992,60837,89829,23.59
257.03,28978,61067,90045,23.73
258.26,28960,61377,90337,23.81
259.33,28989,60607,89596,23.96
260.03,29076,60011,89087,23.96
261.06,29087,59661,88748,23.96
262.20,29038,61562,90600,24.24
263.03,29020,61589,90609,24.46
264.03,28970,60796,89766,24.59
265.15,28981,61260,90241,24.68
266.17,29047,60250,89297,24.80
267.03,29023,59939,88962,24.97
268.03,28960,60799,89759,25.07
269.03,28958,61608,90566,25.16
270.23,28920,61162,90082,25.16
271.03,28925,60924,89849,25.31
272.07,28934,61317,90251,25.34
273.34,28942,60899,89841,25.55
274.03,28980,60683,89663,25.67
275.06,29014,61229,90243,25.74
276.03,29075,61341,90416,25.81
277.23,29106,61908,91014,25.81
278.03,29144,61849,90993,26.03
279.03,29106,61174,90280,26.13
280.15,29119,60374,89493,26.13
281.30,29197,60683,89880,26.37
282.04,29140,60418,89558,26.55
283.03,29153,61360,90513,26.69
284.03,29175,62011,91186,26.80
285.09,29183,61563,90746,26.91
286.22,29250,62225,91475,27.05
287.27,29249,62085,91334,27.05
288.03,29195,62542,91737,27.38
289.03,29254,63019,92273,27.52
